"conversation_id_str","created_at","favorite_count","full_text","id_str","image_url","in_reply_to_screen_name","lang","location","quote_count","reply_count","retweet_count","tweet_url","user_id_str","username"
"1789073716154130838","Fri May 10 23:23:07 +0000 2024","0","tapi pajak dan bea cukai itu beda ..","1789073716154130838","","","in","Bali, Indonesia","0","1","0","https://twitter.com/_parannoul_/status/1789073716154130838","447569165","_parannoul_"
"1789073537451626742","Fri May 10 23:22:25 +0000 2024","0","Kelabui petugas Bea Cukai penumpang wanita ini pilih pakai sepatu Louis Vuitton agar tak kena pajak: Katanya https://t.co/hbhEQDqtP4","1789073537451626742","","","in","","0","0","0","https://twitter.com/didie3180/status/1789073537451626742","1765579361485496320","didie3180"
"1788873432001806619","Fri May 10 23:21:23 +0000 2024","0","@Zer0Failed Bagus tuh supaya aparat bea cukai tak bikin aturan sekehendak mereka","1789073275903238557","","Zer0Failed","in","","0","0","0","https://twitter.com/MufRoben/status/1789073275903238557","1603788060226768899","MufRoben"
"1788847689830142136","Fri May 10 23:16:05 +0000 2024","1","@HumorJonTampan Apalagi nyasar ke Menkeu dan Bea Cukai nya bisa disita rudal itu dan dilelang diem2 ","1789071943867756611","","HumorJonTampan","in","","0","0","0","https://twitter.com/AgungNugro70049/status/1789071943867756611","1764527237251170304","AgungNugro70049"
"1788873432001806619","Fri May 10 23:14:11 +0000 2024","0","@Zer0Failed Bea cukai itu begal berseragam ang","1789071465335398603","","Zer0Failed","in","","0","0","0","https://twitter.com/Cahniyadi/status/1789071465335398603","1622050237509664768","Cahniyadi"
"1788919484084015173","Fri May 10 23:07:40 +0000 2024","0","@tanyarlfes udah nyaman banget sama produk yang satu ini selama 4 tahun nggak pernah ganti produk dan fine fine aja. tapi produknya jauh banget woy shipping cost ke indo nya mahal dan kehalang di bea cukai juga. jadi gue bingung mesti nunggu sampe produknya dateng atau ganti skincare aja?","1789069825379324288","","tanyarlfes","in","Indonesia","0","0","0","https://twitter.com/lostinyoursouls/status/1789069825379324288","4904449746","lostinyoursouls"
"1789069190605033613","Fri May 10 23:05:08 +0000 2024","8","Kinerja Bea Cukai dalam penerimaan negara setiap tahunnya selalu sejalan dengan target bahkan saat terjadi volatilitas harga komoditas akibat perlambatan ekonomi global dan konflik geopolitik sepanjang 2023. ___ Epy Kusnandar Jay Idzes Kedinginan Botak Kang Mus Vina Wahabi https://t.co/RkrmawmFom","1789069190605033613","https://pbs.twimg.com/media/GNQM8P_aIAIZEuq.jpg","","in","East Java, Indonesia","0","3","9","https://twitter.com/Hansunriko/status/1789069190605033613","1349266626844061696","Hansunriko"
"1789069119100457430","Fri May 10 23:04:52 +0000 2024","2","global dan konflik geopolitik sepanjang 2023. Ia menuturkan di Jakarta Rabu bahwa Bea Cukai mengumpulkan penerimaan negara sebesar Rp286 2 triliun atau mencapai 95 4 persen dari target pada tahun lalu. Epy Kusnandar Jay Idzes Kedinginan Botak Kang Mus Vina Wahabi","1789069121763881171","","Nidyna10","in","","0","0","2","https://twitter.com/Nidyna10/status/1789069121763881171","1710309382293004288","Nidyna10"
"1789069119100457430","Fri May 10 23:04:51 +0000 2024","10","Anggota Komisi XI DPR RI Kamrussamad mengatakan bahwa kinerja Bea Cukai dlm penerimaan negara setiap tahunnya selalu sejalan dgn target bahkan saat terjadi volatilitas harga komoditas akibat perlambatan ekonomi Epy Kusnandar Jay Idzes Kedinginan Botak Kang Mus Vina Wahabi https://t.co/7VFOYq5FVZ","1789069119100457430","https://pbs.twimg.com/media/GNQM3KHa4AA6fac.jpg","","in","","0","3","10","https://twitter.com/Nidyna10/status/1789069119100457430","1710309382293004288","Nidyna10"
"1788848906098647266","Fri May 10 23:03:52 +0000 2024","0","@never_alonely Seharusnya Dirjen bea cukai yang mensengsarakan rakyt","1789068870936080873","","never_alonely","in","","0","0","0","https://twitter.com/sparow46092/status/1789068870936080873","1691717431918821376","sparow46092"
"1788816503095300284","Fri May 10 23:03:11 +0000 2024","0","@medyrenaldy_ Kalo di vidnya bang Medy kotak charger yg udh rusak dan koin ada dibawah tatakan Megatronnya. Sementara video DHL tatakannya ga diangkat sama sekali jadi mereka ga ngecek charger dllnya. Apakah emg ga dicek sm bea cukai? Sungguh membingungkan","1789068696851226785","","medyrenaldy_","in","","0","0","0","https://twitter.com/silencebliszz/status/1789068696851226785","1694122482360262658","silencebliszz"
"1789068142498713729","Fri May 10 23:00:59 +0000 2024","9","Anggota Komisi XI DPR RI Kamrussamad mengatakan bahwa kinerja Bea Cukai dalam penerimaan negara setiap tahunnya sejalan dengan target bahkan saat terjadi volatilitas harga komoditas akibat perlambatan ekonomi Epy Kusnandar Jay Idzes Kedinginan Botak Kang Mus Vina Wahabi https://t.co/VWTdrCjBMa","1789068142498713729","https://pbs.twimg.com/media/GNQL_nOaAAAJBvl.jpg","","in","Indonesia","0","4","9","https://twitter.com/Anggita_lung/status/1789068142498713729","2907040202","Anggita_lung"
"1788620098107998665","Fri May 10 23:00:12 +0000 2024","0","@flutterbyyy__ Ada 13 mini pink kak barangkali minat https://t.co/nPrXHAyjs9","1789067948323373456","https://pbs.twimg.com/ext_tw_video_thumb/1789067861610422272/pu/img/zDEFxA2BPV9nLz0_.jpg","flutterbyyy__","in","Kota Surabaya, Jawa Timur","0","0","0","https://twitter.com/martabakmnss/status/1789067948323373456","1559819901983813632","martabakmnss"
"1788873432001806619","Fri May 10 22:58:37 +0000 2024","0","@Zer0Failed Sudah saat ya di hukum mati drijen bea cukai","1789067547083763747","","Zer0Failed","in","","0","0","0","https://twitter.com/sparow46092/status/1789067547083763747","1691717431918821376","sparow46092"
"1789067360118374623","Fri May 10 22:57:52 +0000 2024","0","Bea cukai problematik bgt ya. Kacau kacau ","1789067360118374623","","","in","Yogyakarta","0","0","0","https://twitter.com/Wong_Merapi/status/1789067360118374623","1028831331923329024","Wong_Merapi"
"1788931140713431516","Fri May 10 22:57:35 +0000 2024","0","@tanyarlfes cita cita ak sekarang adalah jadi pegawai bea cukai mwueheheheh","1789067287322095986","","tanyarlfes","in","","0","0","0","https://twitter.com/jts_skyy/status/1789067287322095986","1463485902068465671","jts_skyy"
"1788110888396071085","Fri May 10 22:56:34 +0000 2024","0","@H4l1mun_D1n61n Dulu bea cukai pernah dibekukan beberapa tahun karena kwalitas kerja yang sangat buruk/bobrok &amp; tugasnya digantikan oleh pihak swasta... Apa harus dilakukan pembekuan lagi.... ?? ","1789067032673353814","","H4l1mun_D1n61n","in","","0","0","0","https://twitter.com/ASWibhawa/status/1789067032673353814","3867223278","ASWibhawa"
"1788456622802784510","Fri May 10 22:54:34 +0000 2024","2","@fcbfemeni_idn @TaryokoL @junlearnscrypto @HumorJonTampan @beacukaiRI mungkin salah satu pekerja beacuki..atau keluarga beacukai om..ya sudahlah bela sampai mapus dong","1789066530933870818","","fcbfemeni_idn","in","Yogyakarta","0","1","0","https://twitter.com/DwiCiptaTrans/status/1789066530933870818","623009449","DwiCiptaTrans"
"1789065234390601763","Fri May 10 22:49:25 +0000 2024","5","Alasan tidak ikut JKT48 Personal Meet &amp; Greet Festival Spring Has Come . Mau renang udah dihadang piranha kalau pun selamat nyampai indo udah dihadang bea cukai Ô∏èÔ∏è https://t.co/71WFw0zmjm","1789065234390601763","https://pbs.twimg.com/media/GNQJWA4boAAuXM7.jpg","","in","Bandung, Jawa Barat","0","0","1","https://twitter.com/fikrishb01/status/1789065234390601763","1538089825","fikrishb01"
"1788800423924744641","Fri May 10 22:48:00 +0000 2024","0","@darmansyahazah1 @OniMeniq74 Bubarkan bea cukai","1789064874984964374","","darmansyahazah1","in","INFJ - T","0","0","0","https://twitter.com/Adrian_susiloo/status/1789064874984964374","175225216","Adrian_susiloo"
"1788993056576004367","Fri May 10 22:46:53 +0000 2024","0","@Ghiaziw Ada 13 mini pink kak kalau mau https://t.co/cji1UkMWvq","1789064597665898998","https://pbs.twimg.com/ext_tw_video_thumb/1789064527704936448/pu/img/Y2bT5pTKA5CtnuFJ.jpg","Ghiaziw","in","Kota Surabaya, Jawa Timur","0","0","0","https://twitter.com/martabakmnss/status/1789064597665898998","1559819901983813632","martabakmnss"
"1788873432001806619","Fri May 10 22:36:29 +0000 2024","0","@Zer0Failed untuk pertama kali saya dukung orang malaysia ketika melawan indonesia. semoga semua yg terlibat di beacukai pada kena hukuman di dunia. aamiin","1789061978993889492","","Zer0Failed","in","middle of nowhere","0","0","0","https://twitter.com/okkyoktariyadi/status/1789061978993889492","57853634","okkyoktariyadi"
"1789060839644811477","Fri May 10 22:31:57 +0000 2024","0","Kantor Bea Cukai.... membusuk!!!","1789060839644811477","","","in","Yogyakarta, Indonesia","0","0","0","https://twitter.com/MrAbidWidodo88/status/1789060839644811477","1760844443853443072","MrAbidWidodo88"
"1788873432001806619","Fri May 10 22:26:15 +0000 2024","3","@TaryokoL @iskandar45v @Zer0Failed Lagian sudah jadi rahasia umum dan sebagian besar rakyat negara ini sudah tau kelakuan bea cukai kok kamu saja buzzer tolol yg belum kejebak siasat licik mereka kalau sudah jadi korban mereka aku yakin kamu akan tantrum di medsos 10 tahun full nggak pakai jeda","1789059402894635152","","fadam1983","in","Denpasar Selatan, Indonesia","0","0","0","https://twitter.com/fadam1983/status/1789059402894635152","1352974369975377922","fadam1983"
"1788027342314451402","Fri May 10 22:20:56 +0000 2024","0","@KemenkeuRI TOLONG BU SRI MULYANI JANGAN JADI BEMPER (LAGI) UNTUK BERITA VIRAL 9 MOBIL MEWAH YG DIDUGA DISALAHGUNAKAN SM OKNUM DI BEACUKAI. ORANG HUMAS BEACUKAI SURUH KERJA BU ATAU BEBAS TUGASKAN GANTI YANG LAIN. MALU LIATNYA BU KEMENKEU JADI BEMPER KLARIFIKASI ‚Äç‚Äç‚Äç‚Äç‚Äç","1789058063757881395","","KemenkeuRI","in","","0","0","0","https://twitter.com/ngekaoo98_owei/status/1789058063757881395","1693913397493137408","ngekaoo98_owei"
"1788950265133158902","Fri May 10 22:17:18 +0000 2024","1","@T0M5helby nunggu bu sri mulyani konpers jadi bemper beacukai lg ","1789057150322368655","","T0M5helby","in","","0","0","0","https://twitter.com/ngekaoo98_owei/status/1789057150322368655","1693913397493137408","ngekaoo98_owei"
"1788873432001806619","Fri May 10 22:15:05 +0000 2024","0","@Zer0Failed BEA CUKAI JANGAN MEMALUKAN INDONESIA DIKANCAH INTERNASIONAL YAH...... CUKUP MEMALUKAN DIMATA MASYARAKAT SENDIRI SAJA LAH......","1789056591352000673","","Zer0Failed","in","","0","0","0","https://twitter.com/PraseYulia46029/status/1789056591352000673","1681652556425207809","PraseYulia46029"
"1789055768475341087","Fri May 10 22:11:48 +0000 2024","14","Tak Kunjung Tuntas! Medy Renaldy Kini Mengikhlaskan Hilangnya Koin Megatron yang Sempat Ditahan Bea Cukai https://t.co/C4ajSoCu5x","1789055768475341087","","","in","","0","0","11","https://twitter.com/OposisiCerdas/status/1789055768475341087","887743587579944960","OposisiCerdas"
"1789051621185303009","Fri May 10 21:55:20 +0000 2024","1871","Bea cukai . Lagi ","1789051621185303009","","","in","Cipayung, Indonesia","3","19","468","https://twitter.com/NOTASLIMBOY/status/1789051621185303009","19190361","NOTASLIMBOY"
"1788873432001806619","Fri May 10 21:54:06 +0000 2024","0","@Zer0Failed malaysia emang ga mau ngakuin bea cukai aja?","1789051313801576515","","Zer0Failed","in","Serpong, Indonesia","0","0","0","https://twitter.com/bukalagisenin/status/1789051313801576515","1116938110124716032","bukalagisenin"
"1788102463343710414","Fri May 10 21:52:56 +0000 2024","0","@prastow @medyrenaldy_ Harus terus digali kenapa koin bisa ilang dan dus charger rusak klo masalah ini ga ketemu jawabannya ya jangan harap kasus ini bakal selesai ini menyangkut kredibilitas bea cukai loh","1789051018749051250","","prastow","in","","0","0","0","https://twitter.com/MuqaffiAbd/status/1789051018749051250","1319341735449751552","MuqaffiAbd"
"1788917316442554833","Fri May 10 21:39:24 +0000 2024","3","@Nagashima_007 Jgn2 selama ini TKI &amp; TKW jadi salah satu target bea cukai tuk dapat uang harom. Masih mending klo uang yg katanya pajak itu masuk ke kas negara. Klo masuk kas pribadi Krn T sama T antar pegawai or bawahan &amp; atasan? Nah lhooo. Maaf bukan nuduh lho ya hny asumsi pribadi.","1789047613083279748","","Nagashima_007","in","","0","1","0","https://twitter.com/Yani03495310/status/1789047613083279748","1307593189302218752","Yani03495310"
"1788836091346539006","Fri May 10 21:32:42 +0000 2024","0","@NyimasLaula @medyrenaldy_ Kemarin katanya banyak yang ditawarin jadi buzzer bea cukai gitu ya?","1789045926994088033","","NyimasLaula","in","","0","0","0","https://twitter.com/Putrasalju007/status/1789045926994088033","1653008947966779392","Putrasalju007"
"1789040590442631634","Fri May 10 21:11:30 +0000 2024","1","READY UNCLOCK IMEI (3 BULAN: 250.000) (KEMENPERIN:750.000) (BEACUKAI:1.050.000) PENGERJAAN SANGAT FATS DAN BERGARANSI ORDER NOW‚¨áÔ∏è‚¨áÔ∏è https://t.co/jkZUkiPxdA #jastipimei #unblockimei #unblokimei #imeibeacukai #beacukai #zonauang #zonajajan https://t.co/Jzo9eR7cGS","1789040590442631634","https://pbs.twimg.com/media/GNPy7WnXUAEHMjc.jpg","","in","Sidoarjo,indonesia","0","0","0","https://twitter.com/HebelW10648/status/1789040590442631634","1762995359918239744","HebelW10648"
"1788902949625946424","Fri May 10 21:02:50 +0000 2024","0","@vanc1Bozz @prabowo Dah lah... Penghapusan pajak orang pribadi bea dan cukai itu solusi paling tepat. Biarin aja duit APBN dihabisin pejabat selama rakyat gak usah bayar PPh PPN bea dan cukai meski sebel tapi gak sakit hati banget.","1789038409027084457","","vanc1Bozz","in","","0","0","0","https://twitter.com/Ikhwanazis89/status/1789038409027084457","2335942801","Ikhwanazis89"
"1789011866276282697","Fri May 10 19:17:21 +0000 2024","0","keberadaan Bea Cukai RI tdk hanya mendukung stabilitas ekonomi negara tp jg memperkuat citra RI dimata dunia sbg negara yg berkomitmen dlm menjaga ketertiban &amp; keamanan. #beacukailebihbaik #beacukaimakinbaik #beacukaiberintegritas #beacukaiamanah #beacukaihebat #fyp #viral https://t.co/ltLj3fVpr1","1789011866276282697","https://pbs.twimg.com/media/GNPYzYgacAIrRVM.jpg","","in","","0","0","0","https://twitter.com/hansputrat16602/status/1789011866276282697","1728771259218194432","hansputrat16602"
"1788774046949343723","Fri May 10 19:16:16 +0000 2024","0","@aruna_bayu Bea Cukai anjingnya pemerintah!","1789011593159926158","","aruna_bayu","in","Zimbabwe","0","0","0","https://twitter.com/sukongowo/status/1789011593159926158","1704791940104110080","sukongowo"
"1789010089610998207","Fri May 10 19:16:13 +0000 2024","0","@bayupradhana tapi menurut anda apakah ivander masih kerja di beacukai?","1789011578316271795","","bayupradhana","in","Jotunheim","0","1","0","https://twitter.com/damar_komodo/status/1789011578316271795","1085993189968756736","damar_komodo"
"1788102463343710414","Fri May 10 18:52:51 +0000 2024","0","@r_elhakim @whendarkness_ @Ggie44147220 @samuelchrstns @prastow @medyrenaldy_ Tolol lo Yg kasus Medy jg barangnya di Seal ulang pakai punya Bea Cukai jelas tertulis CUSTOM Artinya ada peran Becuk juga soal Unpacking. TOLOL","1789005699105845716","","r_elhakim","in","DKI Jakarta, Indonesia","0","0","0","https://twitter.com/gahana5150/status/1789005699105845716","1603597312982650880","gahana5150"
"1788873432001806619","Fri May 10 18:52:20 +0000 2024","0","@Zer0Failed Bea cukai gak beres-beres masalahnya ","1789005568327446752","","Zer0Failed","in","Bandung","0","0","0","https://twitter.com/SayaGalih/status/1789005568327446752","1084930046","SayaGalih"
"1788873432001806619","Fri May 10 18:50:36 +0000 2024","0","@Zer0Failed Bagusss... bea cukai harus di obrak abrik/ ditelisik betul semua oknumnya ga jelas banget","1789005131591381240","","Zer0Failed","in","Sidoarjo, Indonesia","0","1","0","https://twitter.com/adaam22i/status/1789005131591381240","1226442322792996870","adaam22i"
"1789004022567047368","Fri May 10 18:46:11 +0000 2024","0","SOLUSI IMEI TERBLOKIR OPEN UNBLOCK IMEI TO ALL OPERATOR GARANSI‚è¨ Ô∏è3 BULAN PREMIUM Ô∏èPERMANEN Ô∏èBEACUKAI ALL SMARTPHONE &amp; IPHONE REGIS FOR BYPASS IPHONE MICLOUD SERVER YANG MEMPUNYAI PERMASALAHAN JARINGAN INBOX!!! https://t.co/rtGz8dAVQr #zonauang #beacukai #unlockimei https://t.co/S0lQuXgSwO","1789004022567047368","https://pbs.twimg.com/media/GNPRrBubwAAGQeZ.jpg","","in","Jakarta Selatan, DKI Jakarta","0","0","0","https://twitter.com/Foziah400/status/1789004022567047368","2737314277","Foziah400"
"1788816503095300284","Fri May 10 18:44:00 +0000 2024","0","@medyrenaldy_ @PPATK @KPK_RI @KejaksaanRI coba cek orang bea cukai nih pasti ada gembong korup disini tp tertutupi.","1789003472505016504","","medyrenaldy_","in","","0","0","0","https://twitter.com/RakyatNgenez/status/1789003472505016504","1639315365489709056","RakyatNgenez"
"1788650998346465700","Fri May 10 18:43:09 +0000 2024","0","@chvxyrl wkwk justru gua mager urus beacukai sama jastipannya klo ke indo","1789003259707027529","","chvxyrl","in","sihanoukville ","0","1","0","https://twitter.com/jebirx/status/1789003259707027529","853084016349556736","jebirx"
"1788873432001806619","Fri May 10 18:40:08 +0000 2024","0","@Zer0Failed Beacukai kena batunya kaan ...cari lagi masih banyak kasus yang lain","1789002499883450478","","Zer0Failed","in","","0","0","0","https://twitter.com/_pejuangsubuh/status/1789002499883450478","534424658","_pejuangsubuh"
"1788110888396071085","Fri May 10 18:39:39 +0000 2024","1","@H4l1mun_D1n61n Kalo garuda muda bawa pulang piala AFC di palak bea cukai 4 juta ga ya ?","1789002376013283341","","H4l1mun_D1n61n","in","","0","0","0","https://twitter.com/imuharam90/status/1789002376013283341","1477459175743492097","imuharam90"
"1788873432001806619","Fri May 10 18:35:54 +0000 2024","0","@Zer0Failed Bea cukai cacat","1789001432714342787","","Zer0Failed","in","","0","0","0","https://twitter.com/Awanzcloud03/status/1789001432714342787","1668214968922288128","Awanzcloud03"
"1789000698220437538","Fri May 10 18:32:59 +0000 2024","0","haha beacukai lagi beacukai lagi","1789000698220437538","","","in","101222 | 180323 | 190323","0","0","0","https://twitter.com/hyunsukcarteu/status/1789000698220437538","1353052808094728192","hyunsukcarteu"
"1788998033931399519","Fri May 10 18:22:23 +0000 2024","0","Gak ngurus artis2 an kembali fokus ke Beacukai Pejabat kemenhub mesum dll wkwk","1788998033931399519","","","in","Dammam, Kingdom of Saudi Arabi","0","1","0","https://twitter.com/Elvolight88/status/1788998033931399519","61157838","Elvolight88"
"1788991341416051166","Fri May 10 18:13:02 +0000 2024","0","@Whatseurname Banyak ANAK itu mah anjrit udahlah. Yaelah bisa sampai gak itu kira kira? Kalau ketahan beacukai awas aja..","1788995678078922768","","Whatseurname","in","; ","0","0","0","https://twitter.com/Resgara/status/1788995678078922768","2505290396","Resgara"
"1788730911053529356","Fri May 10 18:12:31 +0000 2024","0","@prastow @prastow Lu hidup dari duit gue tapi kerjaan bea cukai soekarno hatta gak becus ","1788995550421106842","","prastow","in","","0","0","0","https://twitter.com/TempatPiknik2/status/1788995550421106842","1696364966721597440","TempatPiknik2"
"1788994804329902184","Fri May 10 18:09:33 +0000 2024","1","UNBLOCK IMEI (3 BULAN: 250.000) (KEMENPERIN:750.000) (BEACUKAI:1.050.000) PENGERJAAN SANGAT FATS DAN BERGARANSI ORDER NOW‚¨áÔ∏è‚¨áÔ∏è https://t.co/tW0jHDCxN8 #jastipimei #unblockimei #unblokimei #unlockimei #imeibeacukai #beacukai #zonauang #zonajajan https://t.co/sHOh3W8nNw","1788994804329902184","https://pbs.twimg.com/media/GNPJSvZacAErNo6.jpg","","in","Sidoarjo, Indonesia","0","0","0","https://twitter.com/adeliararaa/status/1788994804329902184","1631733859778990080","adeliararaa"
"1788936433572643100","Fri May 10 16:51:42 +0000 2024","0","@H4T14K4LN4L42 Orang pajak dan Bea Cukai sepertinya diberlakukan pembuktian terbalik harta hartanya.","1788975208889786676","","H4T14K4LN4L42","in","","0","0","0","https://twitter.com/semuthitam009/status/1788975208889786676","967284126","semuthitam009"
"1788733360548057329","Fri May 10 16:49:54 +0000 2024","0","@_ikhwanyan @RadioElshinta Jangan¬≤ petugas Bea cukai sudah tahu","1788974756555030967","","_ikhwanyan","in","Sleman, Indonesia","0","0","0","https://twitter.com/Hidayatullah___/status/1788974756555030967","3455329646","Hidayatullah___"
"1788816503095300284","Fri May 10 16:37:57 +0000 2024","0","@medyrenaldy_ Prastowo sibuk banget nyebokin bea cukai sampai seserius itu memberikan bukti konkret ","1788971752602931665","","medyrenaldy_","in","","0","0","0","https://twitter.com/Bison657/status/1788971752602931665","1722963413947871232","Bison657"
"1788816503095300284","Fri May 10 16:30:47 +0000 2024","0","@medyrenaldy_ Dengan ini bersamaan dengan diperlihatkannya Mother Flame untuk pertama kalinya arc Bea Cukai pun berakhir. Ucap sang narator.","1788969947185787354","","medyrenaldy_","in","Radiant & Dire","0","0","0","https://twitter.com/humaedy_/status/1788969947185787354","457707257","humaedy_"
"1788912857318604948","Fri May 10 16:28:56 +0000 2024","0","@RajabHelmi @hamidah_nadya Belajar sejarah Bro.... P. Harto pd masanya itu sngt kuat (lbh dr rezim skrg) sj memutuskan mencabut kewenangan Bea Cukai &amp; pakai vendor asing. Stlh bbrp thn &amp; perbaikan total BC br kewenangan di kembalikan.... Ini menunjukkan preman &amp; mafia yg kuat di BC saat itu","1788969480103838191","","RajabHelmi","in","","0","1","0","https://twitter.com/bungr_herman18/status/1788969480103838191","1567388806118256640","bungr_herman18"
"1788968844691997032","Fri May 10 16:26:24 +0000 2024","0","gue kan mau bawa kamera lebih dari $500 dari indo ke ln nah bakal ditahan di bea cukai ga sih pas balik ke indonya? gue agaknya waswas nih","1788968844691997032","","","in","orangnya males bales tweet","0","0","0","https://twitter.com/entrerose/status/1788968844691997032","1220898165198479360","entrerose"
"1788968741423972497","Fri May 10 16:26:00 +0000 2024","2","Pantesan atlet udah ga pernah lagi dapet emas ternyata takut ga bisa masuk Indonesia kena pajak bea cukai","1788968741423972497","","","in","Bandung","0","0","0","https://twitter.com/Galih_Limbaran/status/1788968741423972497","1664812970","Galih_Limbaran"
"1788968487437935021","Fri May 10 16:24:59 +0000 2024","0","gak pernah nyoba but i guess good enough to change peraturan bea cukai wkwkwk","1788968487437935021","","","in","she/her","0","0","0","https://twitter.com/chestnutcracker/status/1788968487437935021","916233047586074629","chestnutcracker"
"1788968243400712665","Fri May 10 16:24:01 +0000 2024","0","Gimana ga di-bully negara serumpun orang oknum bea cukai nya Nakal. Udah bener pak Harto dulu bekukan beacukai tahun 1985 karena pungli lah ini kejadian berkali-kali ga pungli doang tapi penggelapan","1788968243400712665","","","in","Earth","0","0","0","https://twitter.com/zareena_azzahra/status/1788968243400712665","781884734917910528","zareena_azzahra"
"1788487680411709445","Fri May 10 16:23:59 +0000 2024","0","@Creamrion @haeyatosuo Kalau merchandise official ku udah rada hopeless gengs. Gegara peraturan baru bea cukai merchan official dari jepang aku ketahan ga bisa diambil ","1788968235255431205","","Creamrion","in","","0","1","0","https://twitter.com/bucketgirl1404/status/1788968235255431205","1644125215247708163","bucketgirl1404"
"1788873432001806619","Fri May 10 16:22:55 +0000 2024","0","@Zer0Failed Bea Cukai Indo skrg knp jadi Maling ya?? Apa ga cukup dana BUMN sama dari presiden??","1788967965830098972","","Zer0Failed","in","Jakarta Capital Region","0","2","0","https://twitter.com/YoichiKinnojo/status/1788967965830098972","1543485053803499520","YoichiKinnojo"
"1788967960159400403","Fri May 10 16:22:53 +0000 2024","1","Aduh bea cukai soeta ya hmmm udh terlalu banyak pak banyak bgt malah yg belum kebongkar","1788967960159400403","","","in","Mdn","0","0","0","https://twitter.com/rmahnrengginang/status/1788967960159400403","2451408512","rmahnrengginang"
"1788967420734116030","Fri May 10 16:21:15 +0000 2024","0","Pre-order di sini bukan PO Buat beli barangnya ya barangnya sudah kebeli cuma masih otw ina aja jadi kalau sudah lewat bea cukai dan sampai di WH ina bisa langsung dikirim dan langsung OTW ke rumah yorobun yaaa","1788967548970819596","","jastipanoppa","in","Jakarta","0","0","0","https://twitter.com/jastipanoppa/status/1788967548970819596","112388998","jastipanoppa"
"1788966600617697462","Fri May 10 16:18:29 +0000 2024","0","Pre-order di sini bukan PO Buat beli barangnya ya barangnya sudah kebeli cuma masih otw ina aja jadi kalau sudah lewat bea cukai dan sampai di WH ina bisa langsung dikirim dan langsung OTW ke rumah yorobun yaaa","1788966852250726657","","jastipanoppa","in","Jakarta","0","0","0","https://twitter.com/jastipanoppa/status/1788966852250726657","112388998","jastipanoppa"
"1788816503095300284","Fri May 10 16:17:11 +0000 2024","1","@RisingF333444 @Magus_AW @medyrenaldy_ Woalah ini tuh DHL kirain bea cukai. Udah dengki bgt soalnya gue. Sorry sorry gue cuma mau sarkasin beacuk tadinya aowwkwkkwkwwkwk minta maaf diatas materai","1788966523991888338","","RisingF333444","in","Homophobic dni","0","2","0","https://twitter.com/mastaeseung/status/1788966523991888338","1509695580351582208","mastaeseung"
"1788966231586083324","Fri May 10 16:16:01 +0000 2024","1","Niceee ini yg ditunggu tunggu klw bisa bongkar dah semua orng bea cukai itu","1788966231586083324","","","in","","0","0","0","https://twitter.com/dewweyyyy/status/1788966231586083324","1580375184","dewweyyyy"
"1788808165758562357","Fri May 10 16:08:16 +0000 2024","0","@eLAmaravati Semoga besar nya ga jadi petugas pajak dan bea cukai... Amin","1788964279187882472","","eLAmaravati","in","","0","1","0","https://twitter.com/a_yudhawastu/status/1788964279187882472","1564831387085316096","a_yudhawastu"
"1788956421469737331","Fri May 10 15:37:02 +0000 2024","0","Bea Cukai berhasil menggagalkan penyelundupan barang ilegal. #prestasibeacukai #beacukai #cukai #ekonomiindonesia #indonesiamaju https://t.co/bQKCAuOsjJ","1788956421469737331","https://pbs.twimg.com/media/GNOmYl3bQAANjo7.jpg","","in","","0","0","0","https://twitter.com/lilaaple/status/1788956421469737331","1743123363974045696","lilaaple"
"1788952902658367816","Fri May 10 15:34:15 +0000 2024","8","@BangWin04 @prastow @beacukaiRI Mungkin om Prastow dkk sedang membahas masukan dari uda. Tapi terlebih dahulu menghitung kira2 berapa cukai yg dikenakan utk rakyat biasa yg mau sidak ke rumah pegawai Bea Cukai","1788955718713999505","","BangWin04","in","Di mana ada üí∞","0","0","1","https://twitter.com/KodePos_/status/1788955718713999505","539133854","KodePos_"
"1788816503095300284","Fri May 10 15:32:57 +0000 2024","0","@medyrenaldy_ Mungkin beacukai dari China nya bang atau DHL Chinanya ? ","1788955393907163144","","medyrenaldy_","in","Somalia","0","0","0","https://twitter.com/liamjustiman/status/1788955393907163144","104487593","liamjustiman"
"1788954909477584952","Fri May 10 15:31:02 +0000 2024","0","Beacukai memalukan","1788954909477584952","","","in","","0","0","0","https://twitter.com/lotimoboy/status/1788954909477584952","1055651146499407872","lotimoboy"
"1788873432001806619","Fri May 10 15:30:32 +0000 2024","0","@iskandar45v @Zer0Failed ini gimana ? gak paham... khan atas video yang menuduh bea cukai terlibat justru pihak menteri keuangan akhirnya menyampaikan kronologi yang berujung mereka itu bener bener penjahat/penyelundup. Ini sudah pada baca belum ???","1788954786261540982","","iskandar45v","in","","0","3","0","https://twitter.com/TaryokoL/status/1788954786261540982","1604443360885805061","TaryokoL"
"1788953417152634905","Fri May 10 15:25:06 +0000 2024","1","Hallo beb aku ready ya beb.. Include cash di room aku ya bebb Info RR https://t.co/RTrU6GTNzk ______ #ponorogo #beacukai #albert #vina #availponorogo #bisyarponorogo #kadesponorgp #bupati #sekdes https://t.co/kjt75x8k2u","1788953417152634905","https://pbs.twimg.com/media/GNOjpO_bMAAK327.jpg","","in","Karawang, Jawa Barat","0","0","1","https://twitter.com/rezlated/status/1788953417152634905","1745191420863111168","rezlated"
"1788873432001806619","Fri May 10 15:24:57 +0000 2024","2","@Zer0Failed Ini nanti yg klarifikasi menkeu dg menyebut bahwa bea cukai cuma salah input mohon dimaafkan..","1788953378615406598","","Zer0Failed","in","","0","0","1","https://twitter.com/abuhafidz09/status/1788953378615406598","841686184124334080","abuhafidz09"
"1788816503095300284","Fri May 10 15:24:03 +0000 2024","0","@medyrenaldy_ Disini gunung disana gunung ditengah tengahnya ada pulau jawa bea cukai bingung DLH bingung BC bingung PJT bingung semuanya bingung yang penting bisa ketawa. Sampai ketemu lagi di episode selanjutnya di Opera van Beacukai Yaaa eeeee","1788953152185835958","","medyrenaldy_","in","","0","0","0","https://twitter.com/bangmyko/status/1788953152185835958","2698268178","bangmyko"
"1788952902658367816","Fri May 10 15:23:03 +0000 2024","614","om @prastow kapan nih kita rakyat biasa bisa melakukan sidak ke rumah pegawai bea cukai untuk periksa barang luar negeri punya mereka dan ngecek pembayaran pajak dan atau cukai mereka? soalnya saya punya kecurigaan terhadap barang milik pegawai @beacukaiRI","1788952902658367816","","","in","every mirror you looking at","8","59","269","https://twitter.com/BangWin04/status/1788952902658367816","1296382061758955520","BangWin04"
"1788803612032033243","Fri May 10 15:22:02 +0000 2024","0","@hiburandisosmed Bapak aku beacukai.. Mau apa lu?","1788952646537322722","","hiburandisosmed","in","timeline","0","0","0","https://twitter.com/Bramasatya_/status/1788952646537322722","122895998","Bramasatya_"
"1788854794616217666","Fri May 10 15:20:56 +0000 2024","0","@RizkiAsihan Bang#at oknum bea cukai banyak ya berapa orang?","1788952370329600263","","RizkiAsihan","in","","0","0","0","https://twitter.com/Purwsharp/status/1788952370329600263","1608154609050066945","Purwsharp"
"1788900860225081547","Fri May 10 15:19:54 +0000 2024","0","@tanyarlfes Yg punya tabungan milyaran cuma pegawai bea cukai.","1788952106743054714","","tanyarlfes","in","Yogyakarta, Indonesia","0","0","0","https://twitter.com/ahmad_nurohim1/status/1788952106743054714","548976411","ahmad_nurohim1"
"1788932194511294703","Fri May 10 14:03:56 +0000 2024","1","@andi_achilles Iya hahahaha hbs beli mie ayam yg dekat kantor bea cukai Surabaya ","1788932992817352814","","andi_achilles","in","antara ada dan tiada ","0","1","0","https://twitter.com/never_alonely/status/1788932992817352814","1369949963690549248","never_alonely"
"1788904230650360038","Fri May 10 14:00:25 +0000 2024","0","@Nikolaiigogll dlu ak sih hilang di beacukai mesen lewat shoppe luar negeri trs sm seller nya di balikin duit ku tp 3 bulan kemudian paketnya dtg ke rumah wkwkkwkw ajuin dlu aja coba kalo udh lewat masa pengiriman","1788932106183422255","","Nikolaiigogll","in","rant","0","1","0","https://twitter.com/koyannagi/status/1788932106183422255","1482010054530580484","koyannagi"
"1788837941923774690","Fri May 10 13:59:41 +0000 2024","0","@AlnilamOmar Intel Sipil juga banyak Bu... Karyawan Bea Cukai aja sampai Ketahuan besaran kenaikan Kekayaan selama setahun... Milyaran...","1788931920514179437","","AlnilamOmar","in","","0","0","0","https://twitter.com/Atisuwung/status/1788931920514179437","1492020019336663040","Atisuwung"
"1788931875328917611","Fri May 10 13:59:30 +0000 2024","0","Bayangin nyepong bea cukai riil kasta terendah lelaki","1788931875328917611","","","in","Jakarta Capital Region","0","0","0","https://twitter.com/_muhshidqi/status/1788931875328917611","1100493583","_muhshidqi"
"1788930135049265261","Fri May 10 13:52:35 +0000 2024","14","Dirjen bea cukai hanya sampingan aslinya sih ngepet. https://t.co/yk0VIx70hj","1788930135049265261","https://pbs.twimg.com/media/GNOOecOaUAEWF1C.jpg","","in","Indonesia","1","3","5","https://twitter.com/Rasheed_inn/status/1788930135049265261","1030155475499675648","Rasheed_inn"
"1788904936715239602","Fri May 10 13:48:53 +0000 2024","0","@kegblgnunfaedh Pasti punya orang dalam trus masuk STAN kerja di bea cukai... Good","1788929204765311420","","kegblgnunfaedh","in","jonggol","0","0","0","https://twitter.com/serizagenji/status/1788929204765311420","1396003489","serizagenji"
"1788909314155114565","Fri May 10 13:45:42 +0000 2024","0","@msqrde86 Tp klo beli nya di toko hp gmn bg? Ttp minta invoice nya? Biasanya disuruh cek no ime nya di website beacukai nya ajaaa.","1788928402298491185","","msqrde86","in","·¥Ñ è ô·¥á Ä (s ú·¥á)","0","1","0","https://twitter.com/xxoloxehee/status/1788928402298491185","1598319996433993728","xxoloxehee"
"1788927309506068487","Fri May 10 13:41:21 +0000 2024","0","Jadi ini nutupin kasus bea cukai?","1788927309506068487","","","in","","0","1","2","https://twitter.com/sonkski_/status/1788927309506068487","1602543393921388544","sonkski_"
"1788873432001806619","Fri May 10 13:41:14 +0000 2024","0","@Zer0Failed Bea Cukai dah banyak indikasi gak beres kok dibiarin","1788927280074592555","","Zer0Failed","in","Wanaraja, Indonesia","0","0","0","https://twitter.com/Saldesa_INA/status/1788927280074592555","1699748949513674752","Saldesa_INA"
"1788926970866356616","Fri May 10 13:40:01 +0000 2024","0","Yang jual bea cukai ya?","1788926970866356616","","","in","","0","0","0","https://twitter.com/martabaktldr/status/1788926970866356616","1621539852624998402","martabaktldr"
"1788784174935298484","Fri May 10 13:36:40 +0000 2024","1","@kindatechguys @ernestprakasa bea cukai aja kalau gitu ","1788926127127609637","","kindatechguys","in","Liverpool, England","0","1","0","https://twitter.com/soppyan/status/1788926127127609637","260479234","soppyan"
"1788800423924744641","Fri May 10 13:28:45 +0000 2024","1","@OniMeniq74 Kata bea cukai kan cintailah ploduk ploduk Indonesia","1788924136099897658","","OniMeniq74","in","Wonogiri - Jakarta","0","0","0","https://twitter.com/atma_kpm/status/1788924136099897658","162307938","atma_kpm"
"1788921198233186381","Fri May 10 13:28:16 +0000 2024","0","@OposisiCerdas Kemaren-kemaren heboh orang bea cukai tahan peralatan SLB dan tindakan pemerasan lainnya. Sekarang orang bandara/perhubungan ceriwis alias hidung belang. Gak ada mendingnya.","1788924013475221646","","OposisiCerdas","in","","0","0","0","https://twitter.com/wansrosadi/status/1788924013475221646","1555488754089197568","wansrosadi"
"1788917316442554833","Fri May 10 13:27:07 +0000 2024","3","@Nagashima_007 Bea cukai.. mafia semua broo","1788923726844895403","","Nagashima_007","in","jakarta- Indonesia","0","1","0","https://twitter.com/Gunawan75_/status/1788923726844895403","722413726230384640","Gunawan75_"
"1788896661756145948","Fri May 10 13:25:23 +0000 2024","0","@masgah_ Org pjak beacukai jg suka","1788923289794130355","","masgah_","in","","0","0","0","https://twitter.com/Guyts37414/status/1788923289794130355","1721462539996004352","Guyts37414"
"1788774046949343723","Fri May 10 13:25:19 +0000 2024","0","@aruna_bayu Bea Cukai pakai senapan api dan anjing perusak?","1788923272345850228","","aruna_bayu","in","Ruwetnesia","0","0","0","https://twitter.com/indoSastra/status/1788923272345850228","100723095","indoSastra"
"1788902808105914784","Fri May 10 13:22:15 +0000 2024","0","@dimassaurusss @mazzini_gsp Bea cukai","1788922499671212091","","dimassaurusss","in","","0","0","0","https://twitter.com/pastibisaaa_/status/1788922499671212091","1252434807029547011","pastibisaaa_"
"1788921845372354600","Fri May 10 13:19:39 +0000 2024","0","YES BEACUKAI DOWNFALL SAATNYA NGASIH TAU BUNDA GUE KL PILIHAN DIA ITU JELEK","1788921845372354600","","","in","","0","1","0","https://twitter.com/zkimtaerae/status/1788921845372354600","1349696891664044034","zkimtaerae"
"1788921761880588568","Fri May 10 13:19:19 +0000 2024","4","pnsihat karir shrsnya sarankn ank muda jd: -pgwai bea cukai -politisi -pmuka agama @sakkusaitna @Tita83079013 @agama_nusantara @BayuAngora @spektrumku @Valhallaah @Jelantik5 @bnsphrxyzzz @RefublikAteis @iam_zelt @helenr1903 @Kappa_2023 @PaijoKhentir @_chris_ting_ @Homo_sapiens21","1788921761880588568","","","in","","0","0","1","https://twitter.com/mx00711/status/1788921761880588568","1221737894957568000","mx00711"
"1788921655945052643","Fri May 10 13:18:53 +0000 2024","0","T. Wts wtb want to sell buy jual beli second preloved #khilafclub #lapakcot #zonauang iPhone XR 64GB - fullset OEM - all operator imei terdaftar beacukai - BH 84% - 98% mulus - performa lancar - ga pernah service Tanya2 foto dll cek https://t.co/ZX6pt7HXsM","1788921655945052643","","","in","@sibernasi","0","0","0","https://twitter.com/hauteasfuque/status/1788921655945052643","1069458268030791680","hauteasfuque"
"1788110888396071085","Fri May 10 13:17:40 +0000 2024","0","@Pepatah_dr_Chin @H4l1mun_D1n61n Ya kalo petugas bea cukai gak bakal lah coba jadi rakyat biasa dulu kalo mau ngalamin.","1788921346824565176","","Pepatah_dr_Chin","in","KORUPTOD KORUPTOR NGENTOD","0","1","0","https://twitter.com/opini_sampah/status/1788921346824565176","1435503704568909825","opini_sampah"
"1788921278877114428","Fri May 10 13:17:24 +0000 2024","0","Beacukai malu ga sih pak banyak yg protes pihak beacukai karna kasus ka medy ini.. Harusnya malu sih pak.. dan harusnya dibenahi secara jujur dan adil sistemnya.. Kalo masih inget Allah sih harus malu... :')","1788921278877114428","","","in","","0","0","0","https://twitter.com/yeastruggle/status/1788921278877114428","3854250552","yeastruggle"
"1788915931877671275","Fri May 10 13:16:46 +0000 2024","7","@OposisiCerdas Supaya nga malu lah... bahwa di bawah doi swmua baik baik aja... bahkan utang yang ufa gali lobang tutup jurang aja doi bil aman.... gila bener... makanya genjot bea cukai pajak untuk kejar WP... payah....","1788921122597351590","","OposisiCerdas","in","","0","0","0","https://twitter.com/jangjiansing/status/1788921122597351590","1603554694944522240","jangjiansing"
"1788816503095300284","Fri May 10 13:16:12 +0000 2024","0","@medyrenaldy_ Bea Cukai ke @medyrenaldy_ saat ini: https://t.co/tv3j4ruO1Z","1788920977277268417","https://pbs.twimg.com/media/GNOGJe0bcAEaHvH.jpg","medyrenaldy_","in","MDN - JKT","0","0","0","https://twitter.com/heroemnur_/status/1788920977277268417","310632039","heroemnur_"
"1788902808105914784","Fri May 10 13:15:16 +0000 2024","0","@mazzini_gsp Nutupin kasus bea cukai atau kasus apa?","1788920745676157169","","mazzini_gsp","in","KDR","0","0","0","https://twitter.com/danindraiqbal/status/1788920745676157169","1273956908","danindraiqbal"
"1788872928706330624","Fri May 10 13:10:26 +0000 2024","0","@kegblgnunfaedh kmaren bea cukai mslh skrng dishub. badan intelejen negara plis bantu usut pejabat pejabat kgk jelas dong . rakyatnya yg malu jadinya klo ketemu org korea","1788919527419662617","","kegblgnunfaedh","in","","0","2","0","https://twitter.com/murdaniy5/status/1788919527419662617","1766037122115670016","murdaniy5"
"1788902997680115933","Fri May 10 13:06:54 +0000 2024","1","@reoify BEACUKAI RUINS CF‚ÄºÔ∏è‚ÄºÔ∏è‚ÄºÔ∏è‚ÄºÔ∏è","1788918636562006316","","reoify","in","ic: hontokki h: Katkat__0","0","1","0","https://twitter.com/karuaage/status/1788918636562006316","1416796415347486721","karuaage"
"1788102463343710414","Fri May 10 13:03:53 +0000 2024","1","@prastow @medyrenaldy_ Kalau mau adil mah buka dua-duanya Dari @DHLPaket dan dari @beacukaiRI @beacukaisoetta kalau emang kesalahan bukan dari pihak beacukai dan DHL Lagian aneh juga kurir DHL buka udah bener tapi pas bang medy unboxing banyak anomali yang aneh2 ","1788917880324489486","","prastow","in","Indonesia","0","0","0","https://twitter.com/nuhe_gaming/status/1788917880324489486","1343070832457748480","nuhe_gaming"
"1788102463343710414","Fri May 10 13:02:27 +0000 2024","0","@prastow @medyrenaldy_ Nah CCTV @DHLPaket udah dibuka sama @beacukaiRI @beacukaisoetta buat ngasi pembuktian kalau yang salah DHL nah selama proses kemarin yang sembarangan ngasi nilai pajak dan penyerangan dari bukan karyawan beacukai kemaren gak ada rekaman CCTV dimana barang disimpan?","1788917520243523931","","prastow","in","Indonesia","0","0","0","https://twitter.com/nuhe_gaming/status/1788917520243523931","1343070832457748480","nuhe_gaming"
